year,cycles_year,annual_degradation_%,cumulative_degradation_%,soh_%,dc_capacity_kwh,ac_capacity_kwh,degradation_source
0,0,4.986666666666667,4.986666666666667,95.01333333333332,1926.8703999999998,1608.9367839999998,FAT-SAT Pre-storage
1,365,6.111849999999992,10.793739079999996,89.20626092,1809.1029714576,1510.6009811670958,Cyclic + Calendar
2,365,6.020376373376198,16.164291735999996,83.835708264,1700.1881635939199,1419.657116600923,Cyclic + Calendar
3,365,6.372690518908823,21.506881967999995,78.49311803200001,1591.8404336889603,1329.1867621302817,Cyclic + Calendar
